{
    "observation.state": {
        "mean": [
            0.03100266307592392,
            0.5553890466690063,
            0.06156770512461662,
            -1.8219338655471802,
            -0.012531019747257233,
            2.432098865509033,
            -0.7372416853904724,
            0.0316561758518219
        ],
        "std": [
            0.26974618434906006,
            0.2885933220386505,
            0.156631201505661,
            0.4056931734085083,
            0.38243600726127625,
            0.31747469305992126,
            0.4484369456768036,
            0.015682857483625412
        ],
        "min": [
            -1.4057387113571167,
            -1.6118624210357666,
            -1.3627322912216187,
            -3.0723013877868652,
            -2.7796995639801025,
            1.1984821557998657,
            -2.8973097801208496,
            0.0
        ],
        "max": [
            1.9229531288146973,
            1.3847579956054688,
            0.9765285849571228,
            -0.5735614895820618,
            2.897947311401367,
            3.7573702335357666,
            1.6271799802780151,
            0.03999999910593033
        ],
        "q01": [
            -0.7086286270618438,
            -0.3926056462526321,
            -0.36199118435382843,
            -2.747173981666565,
            -1.5235068690776825,
            1.5402191126346587,
            -1.8635081410408019,
            5.185273693086856e-08
        ],
        "q99": [
            0.8519335305690742,
            1.2580598521232598,
            0.6246595734357833,
            -0.6855533033609391,
            0.812688564062115,
            3.221582269668579,
            0.7943218970298752,
            0.03999999910593033
        ]
    },
    "action": {
        "mean": [
            0.0010439053876325488,
            0.0005327696562744677,
            -0.001853518420830369,
            -0.0033693311270326376,
            -0.0009172282298095524,
            -0.0030713044106960297,
            0.7324299216270447
        ],
        "std": [
            0.13838410377502441,
            0.1109727993607521,
            0.13007494807243347,
            0.3856234550476074,
            0.19544336199760437,
            0.4084446132183075,
            0.44265252351760864
        ],
        "min": [
            -2.035215377807617,
            -4.059322834014893,
            -3.25132417678833,
            -13.154691696166992,
            -7.45754337310791,
            -12.345621109008789,
            0.0
        ],
        "max": [
            4.611852645874023,
            2.9528427124023438,
            2.711892604827881,
            10.638459205627441,
            5.773665904998779,
            13.835943222045898,
            1.0
        ],
        "q01": [
            -0.19341296911239625,
            -0.2022918038070202,
            -0.22190164804458617,
            -0.25161888092756274,
            -0.3624177613854408,
            -0.45030853927135467,
            0.0
        ],
        "q99": [
            0.18844680309295614,
            0.23207503467798138,
            0.23780627518892186,
            0.2675979235768318,
            0.3465933102369289,
            0.49335087925195653,
            1.0
        ]
    },
    "timestamp": {
        "mean": [
            47.8883171081543
        ],
        "std": [
            41.3036994934082
        ],
        "min": [
            0.0
        ],
        "max": [
            201.5
        ],
        "q01": [
            0.699999988079071
        ],
        "q99": [
            186.44699676513665
        ]
    },
    "annotation.human.action.task_description": {
        "mean": [
            0.0
        ],
        "std": [
            0.0
        ],
        "min": [
            0.0
        ],
        "max": [
            0.0
        ],
        "q01": [
            0.0
        ],
        "q99": [
            0.0
        ]
    },
    "task_index": {
        "mean": [
            0.0
        ],
        "std": [
            0.0
        ],
        "min": [
            0.0
        ],
        "max": [
            0.0
        ],
        "q01": [
            0.0
        ],
        "q99": [
            0.0
        ]
    },
    "annotation.human.validity": {
        "mean": [
            1.0
        ],
        "std": [
            0.0
        ],
        "min": [
            1.0
        ],
        "max": [
            1.0
        ],
        "q01": [
            1.0
        ],
        "q99": [
            1.0
        ]
    },
    "episode_index": {
        "mean": [
            9.465989112854004
        ],
        "std": [
            5.742631435394287
        ],
        "min": [
            0.0
        ],
        "max": [
            20.0
        ],
        "q01": [
            0.0
        ],
        "q99": [
            20.0
        ]
    },
    "index": {
        "mean": [
            478.8831481933594
        ],
        "std": [
            413.0369873046875
        ],
        "min": [
            0.0
        ],
        "max": [
            2015.0
        ],
        "q01": [
            7.0
        ],
        "q99": [
            1864.4699999999993
        ]
    },
    "next.reward": {
        "mean": [
            0.00804437417536974
        ],
        "std": [
            0.02719789184629917
        ],
        "min": [
            0.0
        ],
        "max": [
            0.10000000149011612
        ],
        "q01": [
            0.0
        ],
        "q99": [
            0.10000000149011612
        ]
    },
    "next.done": {
        "mean": [
            0.0013949780259281397
        ],
        "std": [
            0.037323348224163055
        ],
        "min": [
            0.0
        ],
        "max": [
            1.0
        ],
        "q01": [
            0.0
        ],
        "q99": [
            0.0
        ]
    }
}